,Prob_class_0,Prob_class_1
AAAAAAAAAAAAAAASGFAYPGTSER/2_0_30eV,0.999262869358,0.000737158756237
AAAAAAAAAVSR/2_0_30eV,0.999380528927,0.000619450351223
AAAAAAAAGAFAGR/2_0_30eV,0.998938679695,0.00106132158544
AAAAAAAAVPSAGPAGPAPTSAAGR/2_0_30eV,0.999945819378,5.41856607015e-05
AAAAAAALQAK/2_0_30eV,0.999603450298,0.000396575400373
AAAAAAARGSNSDSPPGR/2_0_30eV,0.999584794044,0.000415182963479
AAAAAAARGSNSDSPPGRPAPAASPEHR/4_0_30eV,0.990203201771,0.00979681964964
AAAAAAASFAAEQAGAAALLPLGAAADHHSLYK/3_0_30eV,0.992716014385,0.00728398328647
AAAAAAAVGGQQPSQPELPAPGLALDK/2_0_30eV,0.999797046185,0.000202946132049
AAAAAAGAASGLPGPVAQGLK/2_0_30eV,0.99907296896,0.000927010783926
AAAAAAGSGTPREEEGPAGEAAASQPQAPTSVPGAR/3_0_30eV,0.975693643093,0.0243063624948
AAAAAATAAAAASIR/2_0_30eV,0.959464848042,0.0405351743102
AAAAAATAPPSPGPAQPGPR/2_0_30eV,0.999755561352,0.000244437804213
AAAAAATVLLR/2_0_30eV,0.999700129032,0.000299872684991
AAAAAETPEVLR/2_0_30eV,0.999869287014,0.000130733766127
AAAAAETPEVLRE/2_0_30eV,0.999524354935,0.000475657958305
AAAAAGGAAAAAAR/2_0_30eV,0.999819993973,0.000179982511327
AAAAAGGAPGPAPGPAGPPPPAAPTSAAR/2_0_30eV,0.998385846615,0.00161413755268
AAAAAGLGGGGAGPGPEAGDFLAR/2_0_30eV,0.999447464943,0.000552544195671
AAAAALSGSPPQTEKPTHYR/3_0_30eV,0.999161303043,0.000838693522383
AAAAALSQQQSLQER/2_0_30eV,0.999889492989,0.000110504901386
AAAAASAAGPGGLVAGKEEK/2_0_30eV,0.999720394611,0.0002796179906
AAAAASAPQQLSDEELFSQLR/2_0_30eV,0.99936068058,0.000639299862087
AAAAASASQDELNQLER/2_0_30eV,0.99936324358,0.000636772951111
AAAAASHLNLDALR/3_0_30eV,0.999621212482,0.000378798198653
"AAAAASSSSPSCTPATSQGHLR/2_1(11,C,CAM)_30eV",0.999774873257,0.000225153868087
AAAADSFSGGPAGVR/2_0_30eV,0.99975168705,0.000248292111792
AAAADSFSGGPAGVRLPR/2_0_30eV,0.998987555504,0.00101246265694
AAAAEGVLATR/2_0_30eV,0.999893903732,0.000106110259367
AAAAELLAQTTHFLHDPK/3_0_30eV,0.998363018036,0.00163698091637
AAAAELQDR/2_0_30eV,0.999845743179,0.00015428023471
AAAAEPPVIELGAR/2_0_30eV,0.999176561832,0.000823428446893
AAAAGAAAAAAAEGEAPAEMGALLLEK/2_0_30eV,0.999709010124,0.000291018601274
AAAAGDADDEPR/2_0_30eV,0.998737514019,0.00126246828586
AAAAGEPEPPAASSSFQAR/2_0_30eV,0.999864816666,0.000135194248287
"AAAAGGGSCPGPGSAR/2_1(8,C,CAM)_30eV",0.999610304832,0.000389706372516
AAAAGLGHPASPGGSEDGPPGSEEEDAAR/3_0_30eV,0.883486866951,0.116513103247
AAAAGRESPAAAAAR/3_0_30eV,0.999512135983,0.000487847340992
AAAAKPNNLSLVVHGPGDLR/4_0_30eV,0.999282836914,0.0007171476027
"AAAANSGSSLPLFDCPTWAGKPPPGLHLDVVK/3_1(14,C,CAM)_30eV",0.922110617161,0.077889367938
AAAAPAAAAASSEAPAASATAEPEAGDQDSR/3_0_30eV,0.835910797119,0.164089217782
AAAAPAGGNPEQR/2_0_30eV,0.999085009098,0.00091501371935
AAAAPFQTSQASASAPR/2_0_30eV,0.999931156635,6.88641885063e-05
AAAAPLGVLPAVGWGLAIRK/2_0_30eV,0.997555315495,0.00244466331787
AAAAPVAADDDERR/2_0_30eV,0.99845969677,0.00154031545389
AAAAQLSLTQLSSGNPVYEK/2_0_30eV,0.998825550079,0.00117446307559
"AAAASDFTCASTSRSDSFLTFAPSVLSK/3_1(8,C,CAM)_30eV",0.979384124279,0.0206158794463
AAAASPAILPR/2_0_30eV,0.999736607075,0.000263398513198
AAAASPRPGFWK/2_0_30eV,0.999928414822,7.15574715286e-05
AAAASVPNADGLK/2_0_30eV,0.999918818474,8.11845020507e-05
AAAATAAEGVPSR/2_0_30eV,0.999681830406,0.000318161473842
AAAATAAEGVPSRGPPGEVIHLNVGGK/3_0_30eV,0.999589860439,0.000410153530538
AAAATAAEGVPSRGPPGEVIHLNVGGKR/4_0_30eV,0.995479881763,0.00452013360336
AAAATGTIFTFR/2_0_30eV,0.99985408783,0.000145913349115
AAAAVAPGGLQSTPGR/2_0_30eV,0.999539375305,0.000460606766865
AAAAVEPDVVVK/2_0_30eV,0.999884665012,0.000115359616757
AAAAVEPDVVVKR/2_0_30eV,0.999841094017,0.000158888869919
AAAAVGAGHGAGGPGAASSSGGAR/2_0_30eV,0.997501790524,0.00249819736928
AAAAVNFFNIDPAEPELRPHPLGIPTN/3_0_30eV,0.998686909676,0.0013131077867
AAAAVVEFQR/2_0_30eV,0.999545991421,0.000453994027339
AAAAVVVPAEWIK/2_0_30eV,0.999880254269,0.000119738477224
AAAAWALGQIGR/2_0_30eV,0.999699652195,0.000300329324091
AAAAWYRPAG/2_0_30eV,0.999509394169,0.000490590522531
AAAAWYRPAGRR/3_0_30eV,0.999550580978,0.000449395360192
"AAACFFEQPPR/2_1(3,C,CAM)_30eV",0.999114215374,0.000885813322384
AAADFATHGK/2_0_30eV,0.998857975006,0.00114202080294
AAADGALPEAAALEQPAELPASVR/2_0_30eV,0.998291909695,0.00170810078271
"AAADGDRDCVLQK/2_1(8,C,CAM)_30eV",0.99986577034,0.000134206391522
"AAADLMAYCEAHAKEDPLLTPVPASENPFR/3_1(8,C,CAM)_30eV",0.904847562313,0.0951524376869
AAADLQAAQAEAAELDQQERQHYR/3_0_30eV,0.999745905399,0.000254082260653
"AAADLSHGHYLSGDPVCLHEEK/4_1(16,C,CAM)_30eV",0.997036397457,0.00296360510401
AAADTLAVR/2_0_30eV,0.999855577946,0.000144402307342
AAAEAAVPR/2_0_30eV,0.999586760998,0.000413244561059
AAAEALRLLRPEQVLK/3_0_30eV,0.998776316643,0.00122367718723
AAAEATQETVESLMQK/2_0_30eV,0.999755680561,0.000244339025812
"AAAECFVQSYWEQYKFPVVITR/3_1(4,C,CAM)_30eV",0.997636437416,0.0023635905236
AAAEDVNVTFEDQQK/2_0_30eV,0.997913718224,0.00208627083339
AAAEEEDGGPEGPNR/2_0_30eV,0.999830722809,0.000169258171809
AAAEEEDGGPEGPNRER/2_0_30eV,0.999575972557,0.00042400273378
AAAEEGHIIPR/2_0_30eV,0.999529957771,0.000470064056572
AAAEELLAR/2_0_30eV,0.9996317029,0.000368316163076
AAAEELPVGASAGPQPR/2_0_30eV,0.999423325062,0.0005766650429
AAAEELQEAAGAGDGATENGVQPPK/2_0_30eV,0.994388818741,0.00561116449535
AAAEFGAHY/2_0_30eV,0.999894857407,0.000105163482658
AAAEKPEEQGPEPLPISTQEW/2_0_30eV,0.998133897781,0.00186608580407
"AAAEPGGAGCRHHPEPIPR/3_1(9,C,CAM)_30eV",0.996958553791,0.00304144481197
AAAESAEAQTIR/2_0_30eV,0.998448967934,0.00155104266014
AAAESSAIQSISHV/2_0_30eV,0.999672830105,0.000327187910443
AAAEVNQDYGLDPK/2_0_30eV,0.999359369278,0.000640601443592
"AAAEYLCR/2_1(6,C,CAM)_30eV",0.999928176403,7.1847862273e-05
AAAFEQLQK/2_0_30eV,0.999428570271,0.00057142082369
AAAFLAVLVASAPR/2_0_30eV,0.99978774786,0.000212224025745
"AAAFLCCSFQRAGAVVGVPAR/3_2(5,C,CAM)(6,C,CAM)_30eV",0.994544684887,0.00545533560216
AAAFLGDIALDEEDLR/2_0_30eV,0.999473810196,0.000526164774783
AAAGAAATHLEVAR/2_0_30eV,0.999663293362,0.000336702651111
AAAGAAGAEAPR/2_0_30eV,0.999365448952,0.000634571653791
AAAGAGGARAAGPTGGASR/3_0_30eV,0.999693930149,0.000306054833345
AAAGALEGVWLAVR/2_0_30eV,0.999848365784,0.000151643413119
"AAAGAQASQAQLGEAAGPASETPAGTESPHSSASPCQEHK/4_1(35,C,CAM)_30eV",0.998462915421,0.00153709587175
AAAGAVGLER/2_0_30eV,0.999825894833,0.000174099375727
"AAAGCLNQVPLSPFLAGPRNTR/3_1(4,C,CAM)_30eV",0.998067438602,0.00193257455248
AAAGDFGHDEASSR/2_0_30eV,0.996936202049,0.00306379678659
"AAAGDLGGDHLAFSCDVAK/2_1(14,C,CAM)_30eV",0.999161064625,0.000838907377329
AAAGEEETAAAGSPGR/2_0_30eV,0.998957872391,0.00104211841244
AAAGEEETAAAGSPGRK/2_0_30eV,0.997278153896,0.00272186798975
"AAAGEFADDPCSSVK/2_1(10,C,CAM)_30eV",0.999068021774,0.000931963149924
AAAGEGTPSSRGPR/2_0_30eV,0.999799251556,0.00020073640917
"AAAGELQEDSGLCVLAR/2_1(12,C,CAM)_30eV",0.999823749065,0.000176244982868
AAAGGAFPR/2_0_30eV,0.998314023018,0.00168595439754
AAAGGAFRP/2_0_30eV,0.991253733635,0.00874628126621
AAAGGQGSAVAAEAEPGK/2_0_30eV,0.999164700508,0.000835284066852
AAAGGQGSAVAAEAEPGKEEPPAR/2_0_30eV,0.999259591103,0.000740431132726
AAAGLLPGGK/2_0_30eV,0.999871551991,0.000128423023853
AAAGPAAGPTGPEPMPSYAQLVQR/2_0_30eV,0.988874435425,0.0111255487427
AAAGPLARDTLSPEPAAR/2_0_30eV,0.999586045742,0.000413934933022
AAAGPLDMSLPSTPDIK/2_0_30eV,0.976114094257,0.0238859336823
AAAGPWRGWGR/3_0_30eV,0.999675750732,0.000324231164996
AAAGQEKGYLTQTAAALDK/2_0_30eV,0.998043298721,0.0019566770643
AAAGQESEGPAVGPPQPLGK/2_0_30eV,0.983185946941,0.0168140344322
AAAGSAAGGFQR/2_0_30eV,0.999673545361,0.000326466892147
AAAGSLPGLQAQLAQAEQR/2_0_30eV,0.999274611473,0.000725372694433
AAAGSPRSPGPLPGAR/3_0_30eV,0.99802261591,0.0019773975946
AAAGSRETPLNQESAR/3_0_30eV,0.997981607914,0.0020183972083
AAAGVGGSLR/2_0_30eV,0.999628543854,0.000371485482901
AAAGVTAKAGGGTSAAAASLIR/2_0_30eV,0.998524785042,0.00147520331666
AAAHFLPK/2_0_30eV,0.999359726906,0.000640290149022
AAAHGQWELQR/2_0_30eV,0.999769687653,0.000230338220717
AAAHGQWELQRVHAK/3_0_30eV,0.993646562099,0.0063534360379
"AAAHLECIFR/3_1(6,C,CAM)_30eV",0.998717963696,0.00128205202054
AAAHLQGLIQVASR/2_0_30eV,0.999818623066,0.000181370880455
AAAHLTVIEK/2_0_30eV,0.999696135521,0.000303836277453
"AAAHQLCLK/2_1(6,C,CAM)_30eV",0.999633491039,0.000366492226021
AAAIGRPLHYPVLVTK/3_0_30eV,0.999168336391,0.000831665645819
AAAILEAWQR/2_0_30eV,0.998470544815,0.00152946368326
AAAIPPIQVTK/2_0_30eV,0.999175012112,0.000824979564641
AAAISEVVSQTPASTTQAGAPPR/2_0_30eV,0.999342501163,0.000657479744405
AAAITSDILEALGR/2_0_30eV,0.999870359898,0.000129633917823
AAAKAEAEATAETVAEQVR/3_0_30eV,0.999267101288,0.000732872344088
AAAKAPRPPGQPPR/3_0_30eV,0.997518181801,0.00248181284405
AAALAPASLTSAR/2_0_30eV,0.998669683933,0.00133034272585
"AAALASGCTVEIK/2_1(7,C,CAM)_30eV",0.999719142914,0.000280878593912
"AAALCNACELSGK/2_2(4,C,CAM)(7,C,CAM)_30eV",0.998757183552,0.0012428156333
AAALDAGNIK/2_0_30eV,0.999259293079,0.000740716292057
AAALDPAWPEPR/2_0_30eV,0.995054543018,0.00494545092806
AAALEFLNR/2_0_30eV,0.999842405319,0.000157593807671
AAALGGPEDEPGAAEAHFLPR/2_0_30eV,0.994916439056,0.00508358329535
AAALHPAPLR/2_0_30eV,0.999769330025,0.000230682606343
AAALLMLTK/2_0_30eV,0.999604701996,0.000395315611968
AAALPAKPPNLDAALALLR/3_0_30eV,0.977020800114,0.0229792110622
AAALQALQAQAPTSPPPPPPPLK/2_0_30eV,0.998872756958,0.00112726201769
AAALSATSAGR/2_0_30eV,0.999863624573,0.000136393136927
AAALSFVSLVDGYFR/2_0_30eV,0.998928189278,0.00107181246858
AAALSGGLLSDPELQR/2_0_30eV,0.999846160412,0.000153859058628
AAALSLSTLASPK/2_0_30eV,0.999905943871,9.40489844652e-05
AAALVDEGLDPEEHTADGEPSAK/2_0_30eV,0.997417330742,0.0025826797355
AAAMANNLQK/2_0_30eV,0.999375879765,0.000624105567113
AAANAVLQDK/2_0_30eV,0.999859929085,0.000140045434819
"AAANGFCVFNNVAIAAAHAKQK/4_1(6,C,CAM)_30eV",0.952799975872,0.047200024128
AAANPDLQGHLPSFQQSAFNR/2_0_30eV,0.999113917351,0.00088605977362
AAANVISR/2_0_30eV,0.999467253685,0.000532751029823
AAAPAALTPRGTASPGSQLK/2_0_30eV,0.9975669384,0.00243306229822
AAAPAEGPPGGIQPEAAEPKPTAEAPK/2_0_30eV,0.990891218185,0.00910878553987
AAAPALEDLPWTSPGYLRPQRVLR/4_0_30eV,0.995882451534,0.00411753822118
"AAAPAPGCCPPTPNPGSR/2_2(7,C,CAM)(8,C,CAM)_30eV",0.993353009224,0.00664700102061
AAAPAPMVR/2_0_30eV,0.999926388264,7.35942157917e-05
"AAAPAPVSEAVCR/2_1(11,C,CAM)_30eV",0.999537885189,0.000462115916889
AAAPDVAPAPGPAPR/2_0_30eV,0.999222695827,0.000777314940933
AAAPELSYR/2_0_30eV,0.997817158699,0.00218285154551
AAAPGVEDEPLLR/2_0_30eV,0.999732494354,0.00026751801488
AAAPLFTGFLVLHSEPR/2_0_30eV,0.997225999832,0.00277399644256
AAAPPDAPARPAVAGAGR/3_0_30eV,0.998173415661,0.00182656710967
AAAPPDAPARPAVAGAGRR/3_0_30eV,0.999502420425,0.000497605593409
"AAAPPRLLPPLPTCYGPLK/3_1(13,C,CAM)_30eV",0.993666231632,0.00633375486359
AAAPPSAVGSSAAAPR/2_0_30eV,0.977723538876,0.0222764480859
AAAPRPPVSAASGRPQDDTDSSR/3_0_30eV,0.988382399082,0.0116175757721
"AAAPTGLQPPGCK/2_1(11,C,CAM)_30eV",0.997885525227,0.00211445940658
"AAAPVVSVPCIPPHR/3_1(9,C,CAM)_30eV",0.999502003193,0.000498003209941
"AAAQCYIDLIIK/2_1(4,C,CAM)_30eV",0.995981931686,0.00401804642752
AAAQGPEGDIQEQELQSEELGLR/2_0_30eV,0.999539136887,0.000460834067781
AAAQIAQALLGAEER/2_0_30eV,0.99992698431,7.29918901925e-05
AAAQLLQSQAQQSGAQQTK/2_0_30eV,0.998579144478,0.00142083398532
AAAQLLQSQAQQSGAQQTKK/2_0_30eV,0.999824881554,0.000175145847606
"AAAQRCLQGLWGR/2_1(5,C,CAM)_30eV",0.999632239342,0.000367747968994
"AAAQSQCQISTLR/2_1(6,C,CAM)_30eV",0.996729254723,0.00327076180838
AAAQVLNTLWQYR/2_0_30eV,0.999936819077,6.31906805211e-05
AAAQYYLGNFR/2_0_30eV,0.999892413616,0.000107583931822
AAARPEAQSRSSPTPESR/4_0_30eV,0.990579426289,0.00942056439817
AAARQLFVLLR/2_0_30eV,0.999653100967,0.000346915912814
AAASAELNAALEELAAR/2_0_30eV,0.999516963959,0.000483023322886
"AAASAPSSLLDQPCLCPAPSVR/2_2(13,C,CAM)(15,C,CAM)_30eV",0.999341547489,0.000658458913676
AAASEPVDSGALWGLERPEPPPTR/2_0_30eV,0.99897646904,0.00102351186797
AAASGIMGR/2_0_30eV,0.999629557133,0.000370459863916
AAASGSVLQR/2_0_30eV,0.999909579754,9.04228145373e-05
AAASGYTDLREK/2_0_30eV,0.999341905117,0.000658078759443
AAASLAAVSGTAAASLGSAQPTDLGAHK/3_0_30eV,0.99863165617,0.00136832951102
AAASLAWVLR/2_0_30eV,0.999896585941,0.000103419479274
"AAASLHELCAAR/2_1(8,C,CAM)_30eV",0.998737990856,0.00126198434737
AAASLPPHDSHWKPSR/4_0_30eV,0.997925162315,0.00207483046688
AAASPDYYK/2_0_30eV,0.999806165695,0.000193834450329
AAASSSLEDLDLSGEEVQR/2_0_30eV,0.999298453331,0.000701552722603
AAASTDYYK/2_0_30eV,0.99988758564,0.000112407935376
AAASVTPPGSLELLQPGFSK/2_0_30eV,0.999419331551,0.000580690510105
AAATAEEPDPK/2_0_30eV,0.999523818493,0.000476203043945
"AAATCFAR/2_1(4,C,CAM)_30eV",0.999432325363,0.000567656185012
AAATETGQAAVPSRK/2_0_30eV,0.998844206333,0.00115578027908
AAATFTQEDVNLGLIR/2_0_30eV,0.99884057045,0.00115940417163
AAATGAVAASAASGQAEGK/2_0_30eV,0.996927320957,0.00307267229073
AAATGAVAASAASGQAEGKK/2_0_30eV,0.998234093189,0.00176590739284
AAATGLPEGPAVPVPSR/2_0_30eV,0.999837219715,0.000162781725521
AAATGNASPGKLEHSK/2_0_30eV,0.99877011776,0.00122988084331
AAATIDSLASR/2_0_30eV,0.999745845795,0.000254148646491
AAATISIAEWSKPQK/2_0_30eV,0.999548733234,0.000451268919278
AAATISIAEWSKPQKDNK/3_0_30eV,0.999254405499,0.000745590776205
AAATPESQEPQAK/2_0_30eV,0.999693751335,0.000306258560158
AAATSIFETIDR/2_0_30eV,0.999541819096,0.000458207621705
AAATTAQEYLK/2_0_30eV,0.999528646469,0.000471331615699
AAATTSQPVLTSQQIETIFFK/2_0_30eV,0.996979773045,0.00302020274103
AAATYEQMK/2_0_30eV,0.999721169472,0.000278822029941
AAAVAAAGAGEPQSPDELLPK/2_0_30eV,0.99950003624,0.000499944726471
AAAVAAALAR/2_0_30eV,0.999918580055,8.14135928522e-05
AAAVAAPLAAGGEEAAATTSVPGSPGLPGRR/3_0_30eV,0.999824404716,0.000175618260982
AAAVALFNLDIR/2_0_30eV,0.998534023762,0.00146596401464
AAAVAMETDDAGNR/2_0_30eV,0.999867618084,0.000132366083562
AAAVAVAAASR/2_0_30eV,0.999672889709,0.00032710088999
"AAAVCRPLRYAGLVSPR/4_1(4,C,CAM)_30eV",0.995115220547,0.00488477293402
AAAVDLTNHLEYTLK/2_0_30eV,0.971250474453,0.0287495087832
AAAVDPTPAAPAR/2_0_30eV,0.998698115349,0.00130186288152
AAAVGWLPLAQQPLPPAPGVK/2_0_30eV,0.996566712856,0.00343327596784
AAAVGWLPLAQQPLPPAPGVKASR/2_0_30eV,0.994443058968,0.00555693218485
AAAVLAAESMVVTLAK/2_0_30eV,0.998782098293,0.00121787423268
AAAVLGNLIFGSLVSITK/2_0_30eV,0.999297380447,0.000702644290868
AAAVLLSDPQFQWSVR/2_0_30eV,0.993422091007,0.00657792389393
AAAVLLSDPQFQWSVRR/3_0_30eV,0.999940693378,5.93275763094e-05
AAAVLPVLDLAQR/2_0_30eV,0.998651087284,0.00134889711626
AAAVLRDSTSVPVTAEAK/2_0_30eV,0.997933745384,0.00206625764258
AAAVQADDVEVLK/2_0_30eV,0.999896466732,0.000103543912701
AAAVSSGFDGAIQLVSLGGR/2_0_30eV,0.999624609947,0.000375381874619
AAAVSSVVR/2_0_30eV,0.999830842018,0.00016916829918
AAAWWGRLEGAK/2_0_30eV,0.9998306036,0.000169400576851
AAAYDLLVEMVK/2_0_30eV,0.999690175056,0.000309843890136
AAAYSAQVQPVDGATR/2_0_30eV,0.999659240246,0.000340740545653
"AACACDQKPCSCSK/3_4(2,C,CAM)(4,C,CAM)(9,C,CAM)(11,C,CAM)_30eV",0.997590184212,0.00240978854708
"AACALLNSGGGVIR/2_1(2,C,CAM)_30eV",0.999718546867,0.000281478278339
"AACANNVGLLR/2_1(2,C,CAM)_30eV",0.999562740326,0.00043725251453
"AACEQQAVALTLQEDR/2_1(2,C,CAM)_30eV",0.988890171051,0.0111098475754
"AACETFDVR/2_1(2,C,CAM)_30eV",0.912370502949,0.0876295045018
"AACFDGHLEVVR/3_1(2,C,CAM)_30eV",0.9992877841,0.000712229753844
"AACGAVLLTELLER/2_1(2,C,CAM)_30eV",0.999395549297,0.000604452390689
"AACGPSSCYALFPR/2_2(2,C,CAM)(7,C,CAM)_30eV",0.997814774513,0.00218522176147
"AACICAEEEK/2_2(2,C,CAM)(4,C,CAM)_30eV",0.998287498951,0.00171247520484
"AACICAEEEKEEL/2_2(2,C,CAM)(4,C,CAM)_30eV",0.999589800835,0.000410221196944
"AACLCFR/2_2(2,C,CAM)(4,C,CAM)_30eV",0.998226821423,0.00177317974158
"AACLLDGVPVALK/2_1(2,C,CAM)_30eV",0.999447464943,0.000552536279429
"AACLLDGVPVALKK/2_1(2,C,CAM)_30eV",0.99972063303,0.000279340340057
"AACLPLPGYR/2_1(2,C,CAM)_30eV",0.999467253685,0.000532721576747
"AACPCPQSSPPEQK/2_2(2,C,CAM)(4,C,CAM)_30eV",0.998754382133,0.00124563626014
"AACPHQESQSHGPPKESR/4_1(2,C,CAM)_30eV",0.997608959675,0.00239106430672
"AACPHQESQSHGPPKESRPSIQLPR/6_1(2,C,CAM)_30eV",0.970206081867,0.0297939423472
"AACQMLCR/2_2(2,C,CAM)(6,C,CAM)_30eV",0.99975913763,0.000240869194386
"AACSSALGYLTYNANAFRILLK/2_1(2,C,CAM)_30eV",0.974360644817,0.0256393831223
"AACSSSEEDDCVSLSK/2_2(2,C,CAM)(10,C,CAM)_30eV",0.998396933079,0.00160305947065
"AACSVVRPLAR/3_1(2,C,CAM)_30eV",0.988322973251,0.0116770407185
"AACVALLLPGAPARGYTGR/3_1(2,C,CAM)_30eV",0.999714195728,0.000285815098323
"AACVPWENK/2_1(2,C,CAM)_30eV",0.996742248535,0.00325772538781
AADAEAEVASLNR/2_0_30eV,0.99872469902,0.00127529341262
AADAEGYLAHPVNAYK/3_0_30eV,0.997523605824,0.00247636833228
AADALVAGAISNGGLYVK/2_0_30eV,0.999151647091,0.000848330906592
AADAPFVINAIIR/2_0_30eV,0.999810874462,0.000189125552424
AADAVEDLR/2_0_30eV,0.999910771847,8.92446842045e-05
"AADCAVDHHFR/2_1(3,C,CAM)_30eV",0.995948195457,0.00405180873349
"AADCAVDHHFRFCLLLR/4_2(3,C,CAM)(12,C,CAM)_30eV",0.96618950367,0.0338104888797
"AADCDLQITNAQTK/2_1(3,C,CAM)_30eV",0.989929437637,0.0100705875084
"AADCEVEQWDSDEPIPAK/2_1(3,C,CAM)_30eV",0.968082010746,0.0319179743528
AADDFLEDLPLEETGAIER/2_0_30eV,0.997611999512,0.00238802819513
AADDSKEVESFQQLLNAR/2_0_30eV,0.999277472496,0.000722507131286
AADDTWEPFASGK/2_0_30eV,0.99890178442,0.00109821942169
AADEESLEGEGAGGADAAEESSGTK/2_0_30eV,0.962757349014,0.0372426696122
AADEGPEGRYR/2_0_30eV,0.999716520309,0.000283466855763
AADEIEKEKELLIHER/4_0_30eV,0.994508743286,0.0054912767373
AADENFDYLFK/2_0_30eV,0.99304240942,0.00695756589994
AADEPAYLTVGTDVSAK/2_0_30eV,0.999384701252,0.000615284487139
"AADEPQLLHGAGICK/2_1(13,C,CAM)_30eV",0.965889573097,0.0341104567051
AADEVLAEAK/2_0_30eV,0.999614775181,0.000385224266211
AADFAQDIDINPGAVYK/2_0_30eV,0.999150574207,0.00084943335969
AADFEDLLSGQGFNAHK/3_0_30eV,0.986477196217,0.0135228075087
AADFHGNDFGNDR/3_0_30eV,0.995599269867,0.00440070405602
AADFIDQALAQK/2_0_30eV,0.970410466194,0.0295895524323
AADFIEELSSLFK/2_0_30eV,0.999355256557,0.000644737039693
AADFIQR/2_0_30eV,0.999606072903,0.00039393408224
AADGDWQDFYEFQEPAR/2_0_30eV,0.991746842861,0.0082531478256
AADGGERPLAASPPGTVK/2_0_30eV,0.999221205711,0.000778787769377
"AADGNTALHYAALYNQPDCLK/2_1(18,C,CAM)_30eV",0.989108979702,0.0108910268173
AADGNYYNAR/2_0_30eV,0.999434709549,0.000565280555747
AADGSAVSTVTK/2_0_30eV,0.998785495758,0.00121447944548
AADGSLDTQPK/2_0_30eV,0.998124063015,0.0018759543309
AADGSLDTQPKK/2_0_30eV,0.997057914734,0.00294207828119
AADHLKPFLDDSTLR/3_0_30eV,0.997945249081,0.00205476302654
AADIEQQAVFAVFDENK/2_0_30eV,0.95181709528,0.0481828935444
AADIGGLWATIR/2_0_30eV,0.999719321728,0.00028067783569
AADIHTFSSVLEK/2_0_30eV,0.999867200851,0.000132812376251
"AADIIECFSVPVSYR/2_1(6,C,CAM)_30eV",0.999740064144,0.000259934517089
"AADISESSGADCKGDPR/3_1(11,C,CAM)_30eV",0.999621868134,0.000378135940991
AADKFLSLIPR/2_0_30eV,0.999639987946,0.000360011094017
AADKLGSTQIVK/2_0_30eV,0.998820781708,0.00117921666242
AADKSPESQNLIDGTK/2_0_30eV,0.999409079552,0.000590950017795
AADKSPESQNLIDGTKKPSLK/2_0_30eV,0.998370587826,0.00162943149917
AADLAEALYGVPGSNQELLLKR/2_0_30eV,0.983371913433,0.016628080979
AADLAFLEK/2_0_30eV,0.999885618687,0.000114405789645
AADLFESEGAK/2_0_30eV,0.999753952026,0.000246046518441
AADLGLNK/2_0_30eV,0.999733090401,0.00026692438405
AADLHGSVGQR/2_0_30eV,0.999839603901,0.000160401061294
AADLLAADFSGK/2_0_30eV,0.999800741673,0.000199245827389
AADLLAYIHK/2_0_30eV,0.999051034451,0.000948941335082
AADLLQFPAVK/2_0_30eV,0.999896705151,0.00010332257807
AADLLVNPLDPR/2_0_30eV,0.999596595764,0.000403427926358
AADLNGDLTATR/2_0_30eV,0.999857544899,0.000142476827023
AADLNLEWISLPR/2_0_30eV,0.99990683794,9.31608592509e-05
AADLPDR/2_0_30eV,0.995451450348,0.00454856781289
AADLPDRDTWK/2_0_30eV,0.999925434589,7.45444267523e-05
"AADLSFCQQEK/2_1(6,C,CAM)_30eV",0.999592781067,0.000407235842431
AADLSKPIDKR/2_0_30eV,0.999312162399,0.000687863910571
AADLVEALYGTPHNNQD/2_0_30eV,0.988166213036,0.0118337618187
AADLVEALYGTPHNNQDIILK/2_0_30eV,0.991803944111,0.00819606147707
AADMLSGPR/2_0_30eV,0.996089279652,0.00391072966158
"AADNYECNRWAPDIYCPR/2_2(6,C,CAM)(15,C,CAM)_30eV",0.985334873199,0.0146651016548
AADPGPGAELDPAAPPPAR/2_0_30eV,0.998066723347,0.00193326256704
AADPLNLSFLLDEHFPK/3_0_30eV,0.997411370277,0.00258861947805
AADPTAPGSDSAVTLR/2_0_30eV,0.995583951473,0.00441606109962
AADPTELRLGSLPVFTR/2_0_30eV,0.999443054199,0.000556970771868
AADPVPSFDESSQDTSEK/2_0_30eV,0.999433875084,0.000566109258216
AADPYSDLVK/2_0_30eV,0.998074710369,0.00192530651111
AADQFDIYSSQQSK/2_0_30eV,0.998673439026,0.00132658064831
AADRLEEEIEEHAFDDNK/3_0_30eV,0.99836564064,0.00163434271235
AADRLEQELLR/2_0_30eV,0.999725580215,0.000274414633168
AADRLPNLSSPSAEGPPGPPSGPAPR/2_0_30eV,0.999160766602,0.000839243584778
AADSDDGAVSAPAASDGGVSK/2_0_30eV,0.99877768755,0.0012223200174
AADSLQQNLQR/2_0_30eV,0.999020397663,0.000979604548775
AADSSAPEDSEK/2_0_30eV,0.999669790268,0.00033018796239
AADSSAPEDSEKLVGDTVSYSK/3_0_30eV,0.999604582787,0.00039539494901
AADTDGDGQVNYEEFVR/2_0_30eV,0.99942523241,0.000574755773414
